pts,position,id,name,birthday,countryAcr,country.name,country.acronym
8680,1,6458,Horacio Zeballos,1985-04-27T00:00:00.000Z,ARG,Argentina,ARG
8680,1,1035,Marcel Granollers,1986-04-12T00:00:00.000Z,ESP,Spain,ESP
7310,3,18496,Mate Pavic,1993-07-04T00:00:00.000Z,CRO,Croatia,CRO
7160,4,11489,Marcelo Arevalo,1990-10-17T00:00:00.000Z,ESA,El Salvador,ESA
6340,5,9521,Matthew Ebden,1987-11-26T00:00:00.000Z,AUS,Australia,AUS
6190,6,884,Rohan Bopanna,1980-03-04T00:00:00.000Z,IND,India,IND
5895,7,22433,Jordan Thompson,1994-04-20T00:00:00.000Z,AUS,Australia,AUS
5665,8,28263,Max Purcell,1998-04-03T00:00:00.000Z,AUS,Australia,AUS
5175,9,31290,Andrea Vavassori,1995-05-05T00:00:00.000Z,ITA,Italy,ITA
5010,10,1181,Rajeev Ram,1984-03-18T00:00:00.000Z,USA,United States,USA
4920,11,22600,Joe Salisbury,1992-04-20T00:00:00.000Z,GBR,Great Britain,GBR
4905,12,3833,Simone Bolelli,1985-10-08T00:00:00.000Z,ITA,Italy,ITA
4760,13,10819,Tim Puetz,1987-11-19T00:00:00.000Z,GER,Germany,GER
4760,13,11816,Kevin Krawietz,1992-01-24T00:00:00.000Z,GER,Germany,GER
4365,15,7869,Harri Heliovaara,1989-06-04T00:00:00.000Z,FIN,Finland,FIN
4110,16,18138,Wesley Koolhof,1989-04-17T00:00:00.000Z,NED,Netherlands,NED
4095,17,81186,Henry Patten,1996-05-06T00:00:00.000Z,GBR,Great Britain,GBR
3780,18,8891,Neal Skupski,1989-12-01T00:00:00.000Z,GBR,Great Britain,GBR
3775,19,10550,Michael Venus,1987-10-16T00:00:00.000Z,NZL,New Zealand,NZL
3690,20,24200,Jack Withrow,1993-07-07T00:00:00.000Z,USA,United States,USA
3690,20,43952,Nathaniel Lammons,1993-08-12T00:00:00.000Z,USA,United States,USA
3640,22,1672,Edouard Roger-Vasselin,1983-11-28T00:00:00.000Z,FRA,France,FRA
3535,23,6528,Nikola Mektic,1988-12-24T00:00:00.000Z,CRO,Croatia,CRO
3340,24,801,Santiago Gonzalez,1983-02-24T00:00:00.000Z,MEX,Mexico,MEX
3310,25,4964,Ivan Dodig,1985-01-02T00:00:00.000Z,CRO,Croatia,CRO
3150,26,21070,Hugo Nys,1991-02-16T00:00:00.000Z,FRA,France,FRA
3060,27,29780,Jan Zielinski,1996-11-16T00:00:00.000Z,POL,Poland,POL
2905,28,11009,Austin Krajicek,1990-06-16T00:00:00.000Z,USA,United States,USA
2895,29,29469,Fabien Reboul,1995-09-09T00:00:00.000Z,FRA,France,FRA
2685,30,7382,Andres Molteni,1988-03-15T00:00:00.000Z,ARG,Argentina,ARG
2535,31,12229,Sadio Doumbia,1990-09-12T00:00:00.000Z,FRA,France,FRA
2505,32,1936,Maximo Gonzalez,1983-07-20T00:00:00.000Z,ARG,Argentina,ARG
2455,33,29271,Joran Vliegen,1993-07-07T00:00:00.000Z,BEL,Belgium,BEL
2455,33,20849,Sander Gille,1991-01-15T00:00:00.000Z,BEL,Belgium,BEL
2440,35,24870,Rafael Matos,1996-01-06T00:00:00.000Z,BRA,Brazil,BRA
2295,36,1153,Marcelo Melo,1983-09-23T00:00:00.000Z,BRA,Brazil,BRA
2215,37,6508,Jamie Murray,1986-02-13T00:00:00.000Z,GBR,Great Britain,GBR
2085,38,29184,Julian Cash,1996-08-29T00:00:00.000Z,GBR,Great Britain,GBR
2065,39,3345,Jean-Julien Rojer,1981-08-25T00:00:00.000Z,NED,Netherlands,NED
2045,40,43211,Robert Galloway,1992-09-24T00:00:00.000Z,USA,United States,USA
2010,41,22439,Adam Pavlasek,1994-10-08T00:00:00.000Z,CZE,Czech Republic,CZE
1950,42,12495,Yuki Bhambri,1992-07-04T00:00:00.000Z,IND,India,IND
1930,43,20099,Lloyd Glasspool,1993-11-19T00:00:00.000Z,GBR,Great Britain,GBR
1916,44,9667,Ariel Behar,1989-11-12T00:00:00.000Z,URU,Uruguay,URU
1865,45,14860,Albano Olivetti,1991-11-24T00:00:00.000Z,FRA,France,FRA
1825,46,48438,Constantin Frantzen,1998-03-16T00:00:00.000Z,GER,Germany,GER
1825,46,30867,Hendrik Jebens,1995-08-08T00:00:00.000Z,GER,Germany,GER
1792,48,29826,Alexander Erler,1997-10-27T00:00:00.000Z,AUT,Austria,AUT
1780,49,26140,Zhizhen Zhang,1996-10-16T00:00:00.000Z,CHN,China,CHN
1675,50,58149,Rinky Hijikata,2001-02-23T00:00:00.000Z,AUS,Australia,AUS
1655,51,12594,Guido Andreozzi,1991-08-05T00:00:00.000Z,ARG,Argentina,ARG
1645,52,58327,Tomas Machac,2000-10-13T00:00:00.000Z,CZE,Czech Republic,CZE
1630,53,48042,Sem Verbeek,1994-04-12T00:00:00.000Z,NED,Netherlands,NED
1580,54,19584,Nicolas Barrientos,1987-04-24T00:00:00.000Z,COL,Colombia,COL
1560,55,7245,Gonzalo Escobar,1989-01-20T00:00:00.000Z,ECU,Ecuador,ECU
1545,56,11735,John Peers,1988-07-25T00:00:00.000Z,AUS,Australia,AUS
1530,57,7345,Aleksandr Nedovyesov,1987-02-15T00:00:00.000Z,KAZ,Kazakhstan,KAZ
1502,58,26887,Lucas Miedler,1996-06-21T00:00:00.000Z,AUT,Austria,AUT
1495,59,9842,John-Patrick Smith,1989-01-24T00:00:00.000Z,AUS,Australia,AUS
1494,60,6302,Miguel-Angel Reyes-Varela,1987-06-21T00:00:00.000Z,MEX,Mexico,MEX
1445,61,20818,Andreas Mies,1990-08-21T00:00:00.000Z,GER,Germany,GER
1415,62,6081,Robin Haase,1987-04-06T00:00:00.000Z,NED,Netherlands,NED
1402,63,10363,N.Sriram Balaji,1990-03-18T00:00:00.000Z,IND,India,IND
1382,64,25810,Skander Mansouri,1995-07-23T00:00:00.000Z,TUN,Tunisia,TUN
1380,65,42451,Sebastian Korda,2000-07-05T00:00:00.000Z,USA,United States,USA
1350,66,26003,Andre Goransson,1994-04-30T00:00:00.000Z,SWE,Sweden,SWE
1305,67,26148,Sander Arends,1991-08-09T00:00:00.000Z,NED,Netherlands,NED
1298,68,26321,Luke Johnson,1994-03-18T00:00:00.000Z,GBR,Great Britain,GBR
1276,69,27084,Gregoire Jacq,1992-11-09T00:00:00.000Z,FRA,France,FRA
1216,70,12226,Evan King,1992-03-25T00:00:00.000Z,USA,United States,USA
1151,71,9153,Denys Molchanov,1987-05-16T00:00:00.000Z,UKR,Ukraine,UKR
1150,72,17967,Romain Arneodo,1992-08-04T00:00:00.000Z,MON,Monaco,MON
1147,73,48435,Theo Arribage,2000-10-09T00:00:00.000Z,FRA,France,FRA
1141,74,30397,Manuel Guinard,1995-11-15T00:00:00.000Z,FRA,France,FRA
1130,75,29673,Orlando Luz,1998-02-08T00:00:00.000Z,BRA,Brazil,BRA
1095,76,13036,Diego Hidalgo,1993-04-18T00:00:00.000Z,ECU,Ecuador,ECU
1088,77,41058,Petros Tsitsipas,2000-07-27T00:00:00.000Z,GRE,Greece,GRE
1075,78,14513,Tristan-Samuel Weissborn,1991-10-24T00:00:00.000Z,AUT,Austria,AUT
1073,79,1053,Andre Begemann,1984-07-12T00:00:00.000Z,GER,Germany,GER
1055,80,36063,Patrik Rikl,1999-01-06T00:00:00.000Z,CZE,Czech Republic,CZE
1044,81,26238,Vlad Victor Cornea,1993-09-24T00:00:00.000Z,ROU,Romania,ROU
1042,82,42548,Petr Nouza,1998-09-09T00:00:00.000Z,CZE,Czech Republic,CZE
1025,83,4217,Matwe Middelkoop,1983-09-03T00:00:00.000Z,NED,Netherlands,NED
1015,84,14856,Yannick Hanfmann,1991-11-13T00:00:00.000Z,GER,Germany,GER
990,85,34298,Dominik Koepfer,1994-04-29T00:00:00.000Z,GER,Germany,GER
981,86,34172,Francisco Cabral,1997-01-08T00:00:00.000Z,POR,Portugal,POR
981,87,97227,Mark Wallner,1999-07-20T00:00:00.000Z,GER,Germany,GER
981,88,33160,Jakob Schnaitter,1996-03-07T00:00:00.000Z,GER,Germany,GER
976,89,56577,Ryan Seggerman,1999-08-06T00:00:00.000Z,USA,United States,USA
960,90,24008,Alexander Zverev,1997-04-20T00:00:00.000Z,GER,Germany,GER
960,91,18094,Mackenzie Mcdonald,1995-04-16T00:00:00.000Z,USA,United States,USA
955,92,33705,Reese Stalder,1996-11-12T00:00:00.000Z,USA,United States,USA
936,93,12195,Marco Bortolotti,1991-01-21T00:00:00.000Z,ITA,Italy,ITA
930,94,25543,Karen Khachanov,1996-05-21T00:00:00.000Z,RUS,Russia,RUS
925,95,30470,Stefanos Tsitsipas,1998-08-12T00:00:00.000Z,GRE,Greece,GRE
918,96,22808,Arjun Kadhe,1994-01-07T00:00:00.000Z,IND,India,IND
917,97,103158,Patrik Trhac,1998-10-31T00:00:00.000Z,USA,United States,USA
904,98,35469,Matthew Christopher Romios,1999-03-29T00:00:00.000Z,AUS,Australia,AUS
902,99,46776,Piotr Matuszewski,1998-04-22T00:00:00.000Z,POL,Poland,POL
897,100,10116,Marcus Willis,1990-10-09T00:00:00.000Z,GBR,Great Britain,GBR
863,101,9658,Jonathan Eysseric,1990-05-27T00:00:00.000Z,FRA,France,FRA
853,102,26602,Patrik Niklas-Salminen,1997-03-05T00:00:00.000Z,FIN,Finland,FIN
851,103,11005,Fernando Romboli,1989-01-04T00:00:00.000Z,BRA,Brazil,BRA
842,104,5884,Jeevan Nedunchezhiyan,1988-10-20T00:00:00.000Z,IND,India,IND
838,105,8440,Cristian Rodriguez,1990-06-24T00:00:00.000Z,COL,Colombia,COL
829,106,22444,Christian Harrison,1994-05-29T00:00:00.000Z,USA,United States,USA
821,107,11410,Guillermo Duran,1988-06-06T00:00:00.000Z,ARG,Argentina,ARG
813,108,95779,Rithvik Choudary Bollipalli,2001-01-17T00:00:00.000Z,IND,India,IND
810,109,24797,Marcelo Zormann,1996-06-10T00:00:00.000Z,BRA,Brazil,BRA
785,110,87562,Ben Shelton,2002-10-09T00:00:00.000Z,USA,United States,USA
772,111,9543,Federico Zeballos,1988-05-30T00:00:00.000Z,BOL,Bolivia,BOL
772,112,18527,Boris Arias,1993-11-09T00:00:00.000Z,BOL,Bolivia,BOL
768,113,35337,Niki Kaliyanda Poonacha,1995-04-27T00:00:00.000Z,IND,India,IND
755,114,578,Nicolas Mahut,1982-01-21T00:00:00.000Z,FRA,France,FRA
751,115,29779,Karol Drzewiecki,1995-11-01T00:00:00.000Z,POL,Poland,POL
751,116,19857,Sergio Martos Gornes,1994-10-19T00:00:00.000Z,ESP,Spain,ESP
735,117,92985,Alex Michelsen,2004-08-25T00:00:00.000Z,USA,United States,USA
723,118,5885,N. Vijay Sundar Prashanth,1986-10-27T00:00:00.000Z,IND,India,IND
721,119,34511,William Blumberg,1998-01-26T00:00:00.000Z,USA,United States,USA
711,120,43874,Anirudh Chandrasekar,1998-07-11T00:00:00.000Z,IND,India,IND
690,121,9550,Luis David Martinez,1989-05-12T00:00:00.000Z,VEN,Venezuela,VEN
678,122,17788,Ji Sung Nam,1993-08-15T00:00:00.000Z,KOR,"Korea, Rep.",KOR
675,123,24245,Alexander Bublik,1997-06-17T00:00:00.000Z,KAZ,Kazakhstan,KAZ
650,124,14177,Jan-Lennard Struff,1990-04-25T00:00:00.000Z,GER,Germany,GER
650,125,36471,Mick Veldheer,1996-04-05T00:00:00.000Z,NED,Netherlands,NED
648,126,49052,Bart Stevens,1998-01-29T00:00:00.000Z,NED,Netherlands,NED
636,127,20950,Filip Bergevi,1994-04-20T00:00:00.000Z,SWE,Sweden,SWE
607,128,33060,Johannes Ingildsen,1997-07-01T00:00:00.000Z,DEN,Denmark,DEN
592,129,39438,Charles Broom,1998-04-24T00:00:00.000Z,GBR,Great Britain,GBR
590,130,33860,Tallon Griekspoor,1996-07-02T00:00:00.000Z,NED,Netherlands,NED
585,131,7507,Philipp Oswald,1986-01-23T00:00:00.000Z,AUT,Austria,AUT
569,132,58609,Matias Soto,1999-04-27T00:00:00.000Z,CHI,Chile,CHI
568,133,10411,Marcelo Demoliner,1989-01-18T00:00:00.000Z,BRA,Brazil,BRA
567,134,18474,Mircea-Alexandru Jecan,1988-06-02T00:00:00.000Z,ROU,Romania,ROU
566,135,6225,Fabrice Martin,1986-09-11T00:00:00.000Z,FRA,France,FRA
565,136,52188,Ray Ho,2000-02-13T00:00:00.000Z,TPE,Chinese Taipei,TPE
562,137,29890,Ivan Liutarevich,1996-02-20T00:00:00.000Z,BLR,Belarus,BLR
555,138,1125,Toshihide Matsui,1978-04-19T00:00:00.000Z,JPN,Japan,JPN
553,139,29255,George Goldhoff,1995-01-14T00:00:00.000Z,USA,United States,USA
548,140,21431,David Vega Hernandez,1994-06-23T00:00:00.000Z,ESP,Spain,ESP
540,141,29372,Andrey Rublev,1997-10-20T00:00:00.000Z,RUS,Russia,RUS
538,142,22590,Calum Puttergill,1993-10-22T00:00:00.000Z,AUS,Australia,AUS
527,143,40605,Dan Added,1999-04-13T00:00:00.000Z,FRA,France,FRA
527,144,30211,Thomas Fancutt,1995-02-25T00:00:00.000Z,AUS,Australia,AUS
525,145,62166,James Kent Trotter,1999-07-29T00:00:00.000Z,JPN,Japan,JPN
521,146,23147,Ramkumar Ramanathan,1994-11-08T00:00:00.000Z,IND,India,IND
516,147,16994,Luke Saville,1994-02-01T00:00:00.000Z,AUS,Australia,AUS
505,148,30748,Kaito Uesugi,1995-06-02T00:00:00.000Z,JPN,Japan,JPN
491,149,46717,Vasil Kirkov,1999-03-13T00:00:00.000Z,USA,United States,USA
490,150,30087,Alejandro Tabilo,1997-06-02T00:00:00.000Z,CHI,Chile,CHI
488,151,12977,Hans Hach Verdugo,1989-11-11T00:00:00.000Z,MEX,Mexico,MEX
485,152,57683,David Stevenson,1999-01-01T00:00:00.000Z,GBR,Great Britain,GBR
482,153,35376,Federico Agustin Gomez,1996-11-26T00:00:00.000Z,ARG,Argentina,ARG
480,154,29932,Taylor Fritz,1997-10-28T00:00:00.000Z,USA,United States,USA
480,155,24249,Botic Van De Zandschulp,1995-10-04T00:00:00.000Z,NED,Netherlands,NED
478,156,76010,Daniel Rincon,2003-01-07T00:00:00.000Z,ESP,Spain,ESP
471,157,67986,Tristan Schoolkate,2001-02-26T00:00:00.000Z,AUS,Australia,AUS
469,158,57963,Mac Kiger,1998-12-19T00:00:00.000Z,USA,United States,USA
467,159,22992,Benjamin Lock,1993-03-04T00:00:00.000Z,ZIM,Zimbabwe,ZIM
453,160,22269,Kaichi Uchida,1994-08-23T00:00:00.000Z,JPN,Japan,JPN
453,161,22115,Matej Sabanov,1992-06-25T00:00:00.000Z,CRO,Croatia,CRO
453,162,23160,Ivan Sabanov,1992-06-25T00:00:00.000Z,CRO,Croatia,CRO
451,163,29720,Szymon Walkow,1995-09-22T00:00:00.000Z,POL,Poland,POL
443,164,30102,Joshua Paris,1996-03-06T00:00:00.000Z,GBR,Great Britain,GBR
432,165,30931,Daniel Cukierman,1995-07-09T00:00:00.000Z,ISR,Israel,ISR
428,166,30465,Simon Freund,1996-09-28T00:00:00.000Z,SWE,Sweden,SWE
426,167,45722,Alex Lawson,1994-01-31T00:00:00.000Z,USA,United States,USA
419,168,29572,Scott Duncan,1994-08-21T00:00:00.000Z,GBR,Great Britain,GBR
417,169,50128,Trey Hilderbrand,2000-05-15T00:00:00.000Z,USA,United States,USA
416,170,50504,Jakub Paul,1999-03-22T00:00:00.000Z,SUI,Switzerland,SUI
416,171,38876,Santiago Rodriguez Taverna,1999-07-16T00:00:00.000Z,ARG,Argentina,ARG
415,172,29667,David Pichler,1996-02-19T00:00:00.000Z,AUT,Austria,AUT
398,173,48871,Yuta Shimizu,1999-06-09T00:00:00.000Z,JPN,Japan,JPN
394,174,83794,Henrique Rocha,2004-04-06T00:00:00.000Z,POR,Portugal,POR
389,175,53532,Liam Draxl,2001-12-05T00:00:00.000Z,CAN,Canada,CAN
384,176,11815,Luca Margaroli,1992-02-15T00:00:00.000Z,SUI,Switzerland,SUI
384,177,22112,Hunter Reese,1993-01-11T00:00:00.000Z,USA,United States,USA
384,178,26514,Giorgio Ricca,1995-02-27T00:00:00.000Z,ITA,Italy,ITA
383,179,76576,Takeru Yuzuki,1998-09-22T00:00:00.000Z,JPN,Japan,JPN
382,180,12534,Renzo Olivo,1992-03-15T00:00:00.000Z,ARG,Argentina,ARG
382,181,17009,Francis Casey Alcantara,1992-02-04T00:00:00.000Z,PHI,Philippines,PHI
378,182,80500,Milos Karol,2002-12-13T00:00:00.000Z,SVK,Slovakia,SVK
376,183,53519,Finn Reynolds,2000-01-04T00:00:00.000Z,NZL,New Zealand,NZL
375,184,12214,Nikola Cacic,1990-12-07T00:00:00.000Z,SRB,Serbia,SRB
374,185,89443,James Tracy,2002-07-10T00:00:00.000Z,USA,United States,USA
374,186,29457,Andrea Pellegrino,1997-03-23T00:00:00.000Z,ITA,Italy,ITA
370,187,4236,Andrey Golubev,1987-07-22T00:00:00.000Z,KAZ,Kazakhstan,KAZ
368,188,30856,Zdenek Kolar,1996-10-09T00:00:00.000Z,CZE,Czech Republic,CZE
368,189,36842,Ben Jones,1998-05-19T00:00:00.000Z,GBR,Great Britain,GBR
367,190,28900,Roman Safiullin,1997-08-07T00:00:00.000Z,RUS,Russia,RUS
360,191,27851,Cameron Norrie,1995-08-23T00:00:00.000Z,GBR,Great Britain,GBR
360,192,26381,Christopher Eubanks,1996-05-05T00:00:00.000Z,USA,United States,USA
360,193,52721,Sebastian Baez,2000-12-28T00:00:00.000Z,ARG,Argentina,ARG
360,194,57913,Blake Bayldon,1998-12-07T00:00:00.000Z,AUS,Australia,AUS
359,195,33614,Blake Ellis,1999-01-06T00:00:00.000Z,AUS,Australia,AUS
357,196,22704,Vladyslav Manafov,1993-04-22T00:00:00.000Z,UKR,Ukraine,UKR
352,197,76009,Abedallah Shelbayh,2003-11-16T00:00:00.000Z,JOR,Jordan,JOR
351,198,56195,Tristan Boyer,2001-04-21T00:00:00.000Z,USA,United States,USA
347,199,18100,David Pel,1991-07-09T00:00:00.000Z,NED,Netherlands,NED
346,200,55634,Neil Oberleitner,1999-08-05T00:00:00.000Z,AUT,Austria,AUT
340,201,66988,Robert Cash,2001-03-07T00:00:00.000Z,USA,United States,USA
331,202,56197,Emilio Nava,2001-12-02T00:00:00.000Z,USA,United States,USA
330,203,63572,Lorenzo Musetti,2002-03-03T00:00:00.000Z,ITA,Italy,ITA
330,204,37164,Benjamin Sigouin,1999-06-03T00:00:00.000Z,CAN,Canada,CAN
328,205,28742,Yunseong Chung,1998-03-27T00:00:00.000Z,KOR,"Korea, Rep.",KOR
328,206,36772,Conner Huertas Del Pino,1995-12-20T00:00:00.000Z,PER,Peru,PER
327,207,23816,Daniel Masur,1994-11-06T00:00:00.000Z,GER,Germany,GER
327,208,29905,Mariano Kestelboim,1996-02-06T00:00:00.000Z,ARG,Argentina,ARG
325,209,83795,Jaime Faria,2003-08-06T00:00:00.000Z,POR,Portugal,POR
323,210,57304,Michael Vrbensky,1999-12-26T00:00:00.000Z,CZE,Czech Republic,CZE
322,211,46407,Mateus Alves,2001-01-23T00:00:00.000Z,BRA,Brazil,BRA
321,212,32887,Benjamin Hassan,1995-02-04T00:00:00.000Z,LIB,Lebanon,LIB
321,213,22431,Andrew Harris,1994-03-07T00:00:00.000Z,AUS,Australia,AUS
321,214,23144,Luis Britto,1993-06-23T00:00:00.000Z,BRA,Brazil,BRA
318,215,67188,Jiri Barnat,2001-07-26T00:00:00.000Z,CZE,Czech Republic,CZE
316,216,7732,Daniel Dutra Da Silva,1988-07-05T00:00:00.000Z,BRA,Brazil,BRA
315,217,37532,Tomas Martin Etcheverry,1999-07-18T00:00:00.000Z,ARG,Argentina,ARG
314,218,31650,Kai Wehnelt,1995-11-27T00:00:00.000Z,GER,Germany,GER
314,219,92649,Tiago Pereira,2004-06-20T00:00:00.000Z,POR,Portugal,POR
313,220,37492,Andres Andrade,1998-12-14T00:00:00.000Z,ECU,Ecuador,ECU
313,221,21520,Augusto Virgili,1994-06-29T00:00:00.000Z,ITA,Italy,ITA
312,222,35296,Remy Bertola,1998-08-31T00:00:00.000Z,SUI,Switzerland,SUI
309,223,66526,Seita Watanabe,2000-12-25T00:00:00.000Z,JPN,Japan,JPN
306,224,31446,Nuno Borges,1997-02-19T00:00:00.000Z,POR,Portugal,POR
304,225,37053,Alexander Donski,1998-08-01T00:00:00.000Z,CAN,Canada,CAN
302,226,47752,Adam Walton,1999-04-17T00:00:00.000Z,AUS,Australia,AUS
302,227,36397,Matej Vocel,1997-05-20T00:00:00.000Z,CZE,Czech Republic,CZE
302,228,24841,Gonzalo Villanueva,1995-01-13T00:00:00.000Z,ARG,Argentina,ARG
302,229,24647,Christoph Negritu,1994-03-21T00:00:00.000Z,GER,Germany,GER
300,230,8298,Marcus Daniell,1989-11-09T00:00:00.000Z,NZL,New Zealand,NZL
300,231,24843,Pruchya Isarow,1995-10-16T00:00:00.000Z,THA,Thailand,THA
299,232,34352,Ajeet Rai,1999-01-18T00:00:00.000Z,NZL,New Zealand,NZL
296,233,79065,Arthur Fery,2002-07-12T00:00:00.000Z,GBR,Great Britain,GBR
296,234,18771,Oriol Roca Batalla,1993-04-30T00:00:00.000Z,ESP,Spain,ESP
295,235,28992,Jay Clarke,1998-07-27T00:00:00.000Z,GBR,Great Britain,GBR
294,236,67172,Paulo Andre Saraiva Dos Santos,2000-06-23T00:00:00.000Z,BRA,Brazil,BRA
292,237,36275,Courtney John Lock,1996-10-18T00:00:00.000Z,ZIM,Zimbabwe,ZIM
291,238,14861,Antoine Escoffier,1992-02-29T00:00:00.000Z,FRA,France,FRA
286,239,18230,Andres Urrea,1994-08-31T00:00:00.000Z,COL,Colombia,COL
285,240,31392,Lorenzo Sonego,1995-05-11T00:00:00.000Z,ITA,Italy,ITA
284,241,17267,Kelsey Stevenson,1990-05-29T00:00:00.000Z,CAN,Canada,CAN
283,242,35323,Matteo Martineau,1999-01-16T00:00:00.000Z,FRA,France,FRA
280,243,36171,Kody Pearson,1999-07-26T00:00:00.000Z,AUS,Australia,AUS
280,244,68970,Luca Sanchez,1999-03-18T00:00:00.000Z,FRA,France,FRA
279,245,8660,Roman Jebavy,1989-11-16T00:00:00.000Z,CZE,Czech Republic,CZE
270,246,83135,Arthur Fils,2004-06-12T00:00:00.000Z,FRA,France,FRA
270,247,27547,Sebastian Ofner,1996-05-12T00:00:00.000Z,AUT,Austria,AUT
270,248,62709,Joshua Sheehy,1997-01-28T00:00:00.000Z,USA,United States,USA
270,249,42123,Ignacio Carou,1999-07-12T00:00:00.000Z,URU,Uruguay,URU
269,250,90774,Filippo Romano,2005-07-07T00:00:00.000Z,ITA,Italy,ITA
268,251,84083,Ilia Simakin,2003-10-27T00:00:00.000Z,RUS,Russia,RUS
267,252,58606,Ryan Nijboer,1999-07-28T00:00:00.000Z,NED,Netherlands,NED
266,253,65727,Tennyson Whiting,2001-09-22T00:00:00.000Z,USA,United States,USA
265,254,56813,Joshua Charlton,1999-07-29T00:00:00.000Z,AUS,Australia,AUS
260,255,44555,Jurij Rodionov,1999-05-16T00:00:00.000Z,AUT,Austria,AUT
260,256,26099,Alexander Merino,1992-08-31T00:00:00.000Z,PER,Peru,PER
260,257,65695,Patrick Harper,2000-01-28T00:00:00.000Z,AUS,Australia,AUS
254,258,29462,Michael Geerts,1995-01-17T00:00:00.000Z,BEL,Belgium,BEL
253,259,36883,Bogdan Pavel,1999-06-11T00:00:00.000Z,ROU,Romania,ROU
252,260,8753,Saketh-Sai Myneni,1987-10-19T00:00:00.000Z,IND,India,IND
252,261,7757,Inigo Cervantes,1989-11-30T00:00:00.000Z,ESP,Spain,ESP
252,262,85193,Aleksandr Lobanov,2001-04-01T00:00:00.000Z,RUS,Russia,RUS
250,263,30849,Tomas Barrios Vera,1997-12-10T00:00:00.000Z,CHI,Chile,CHI
250,264,36257,Vladyslav Orlov,1995-05-17T00:00:00.000Z,UKR,Ukraine,UKR
249,265,22979,Markos Kalovelonis,1994-05-18T00:00:00.000Z,GRE,Greece,GRE
245,266,22428,Evgeny Karlovskiy,1994-08-07T00:00:00.000Z,RUS,Russia,RUS
245,267,48854,Filip Duda,1998-09-30T00:00:00.000Z,CZE,Czech Republic,CZE
241,268,84946,Tomas Lanik,2002-05-16T00:00:00.000Z,SVK,Slovakia,SVK
240,269,37105,Emil Ruusuvuori,1999-04-02T00:00:00.000Z,FIN,Finland,FIN
238,270,1742,Jose Statham,1987-04-25T00:00:00.000Z,NZL,New Zealand,NZL
237,271,22710,Li Tu,1996-05-27T00:00:00.000Z,AUS,Australia,AUS
237,272,48460,Siddhant Banthia,2000-08-04T00:00:00.000Z,IND,India,IND
236,273,45979,Yu Hsiou Hsu,1999-04-02T00:00:00.000Z,TPE,Chinese Taipei,TPE
236,274,38469,Arthur Reymond,1999-04-02T00:00:00.000Z,FRA,France,FRA
236,275,81783,Anthony Genov,2002-03-02T00:00:00.000Z,BUL,Bulgaria,BUL
235,276,22069,Thai Kwiatkowski,1995-02-13T00:00:00.000Z,USA,United States,USA
235,277,34103,Corentin Denolly,1997-06-06T00:00:00.000Z,FRA,France,FRA
233,278,76725,Egor Agafonov,2002-09-05T00:00:00.000Z,RUS,Russia,RUS
232,279,71196,Cleeve Harper,2000-12-24T00:00:00.000Z,CAN,Canada,CAN
232,280,35036,Geoffrey Blancaneaux,1998-08-08T00:00:00.000Z,FRA,France,FRA
230,281,35225,Alexander Weis,1997-04-24T00:00:00.000Z,ITA,Italy,ITA
229,282,34537,Fajing Sun,1996-10-03T00:00:00.000Z,CHN,China,CHN
225,283,20193,Lucas Pouille,1994-02-23T00:00:00.000Z,FRA,France,FRA
225,284,20654,Gregoire Barrere,1994-02-16T00:00:00.000Z,FRA,France,FRA
225,285,4003,Dustin Brown,1984-12-08T00:00:00.000Z,JAM,Jamaica,JAM
225,286,56846,Brandon Nakashima,2001-08-03T00:00:00.000Z,USA,United States,USA
225,287,21506,Roberto Carballes Baena,1993-03-23T00:00:00.000Z,ESP,Spain,ESP
225,288,52279,Francisco Cerundolo,1998-08-13T00:00:00.000Z,ARG,Argentina,ARG
225,289,40789,James Davis,1998-12-10T00:00:00.000Z,GBR,Great Britain,GBR
222,290,17123,Mitchell Krueger,1994-01-12T00:00:00.000Z,USA,United States,USA
222,291,96517,Gianluca Cadenasso,2004-09-29T00:00:00.000Z,ITA,Italy,ITA
221,292,44217,Eduardo Ribeiro,1998-03-17T00:00:00.000Z,BRA,Brazil,BRA
221,293,40382,Damien Wenger,2000-03-17T00:00:00.000Z,SUI,Switzerland,SUI
220,294,67981,Andrew Paulson,2001-11-16T00:00:00.000Z,CZE,Czech Republic,CZE
219,295,45300,Aziz Ouakaa,1999-08-07T00:00:00.000Z,TUN,Tunisia,TUN
217,296,46960,Roy Stepanov,1999-06-02T00:00:00.000Z,ISR,Israel,ISR
216,297,62465,Cannon Kingsley,2001-05-06T00:00:00.000Z,USA,United States,USA
216,298,33947,Grigoriy Lomakin,1998-03-18T00:00:00.000Z,KAZ,Kazakhstan,KAZ
216,299,7348,Vladimir Uzhylovsky,1988-03-25T00:00:00.000Z,UKR,Ukraine,UKR
215,300,37720,Constantin Bittoun Kouzmine,1999-01-04T00:00:00.000Z,FRA,France,FRA
215,301,60323,Bruno Pujol Navarro,2001-08-27T00:00:00.000Z,ESP,Spain,ESP
215,302,68301,Ryuki Matsuda,1999-12-28T00:00:00.000Z,JPN,Japan,JPN
213,303,34349,Hady Habib,1998-08-21T00:00:00.000Z,LIB,Lebanon,LIB
212,304,28108,Alexandre Muller,1997-02-01T00:00:00.000Z,FRA,France,FRA
210,305,13429,Denis Kudla,1992-08-17T00:00:00.000Z,USA,United States,USA
209,306,50000,Joao Lucas Reis Da Silva,2000-03-26T00:00:00.000Z,BRA,Brazil,BRA
207,307,30104,Aleksandre Bakshi,1997-07-15T00:00:00.000Z,GEO,Georgia,GEO
206,308,65383,Arklon Huertas Del Pino,1994-07-16T00:00:00.000Z,PER,Peru,PER
205,309,31358,Jaume Antoni Munar Clar,1997-05-05T00:00:00.000Z,ESP,Spain,ESP
205,310,27358,Pedro Martinez Portero,1997-04-26T00:00:00.000Z,ESP,Spain,ESP
205,311,29937,Alex Rybakov,1997-01-27T00:00:00.000Z,USA,United States,USA
204,312,28904,Vitaliy Sachko,1997-07-14T00:00:00.000Z,UKR,Ukraine,UKR
203,313,29463,Aoran Wang,1997-02-05T00:00:00.000Z,CHN,China,CHN
203,314,30367,Gabriel Roveri Sidney,1997-04-27T00:00:00.000Z,BRA,Brazil,BRA
202,315,83105,Edward Winter,2004-09-15T00:00:00.000Z,AUS,Australia,AUS
202,316,50133,Oliver Crawford,1999-04-30T00:00:00.000Z,USA,United States,USA
202,317,58723,Franco Roncadelli,2000-02-06T00:00:00.000Z,URU,Uruguay,URU
201,318,58999,Noah Schachter,1999-09-06T00:00:00.000Z,USA,United States,USA
199,319,46749,Juan Carlos Manuel Aguilar,1998-11-20T00:00:00.000Z,CAN,Canada,CAN
199,320,59355,Emile Hudd,2000-05-27T00:00:00.000Z,GBR,Great Britain,GBR
196,321,67546,Flavio Cobolli,2002-05-06T00:00:00.000Z,ITA,Italy,ITA
196,322,81784,Petr Nesterov,2003-03-07T00:00:00.000Z,BUL,Bulgaria,BUL
194,323,70035,Woobin Shin,2004-01-20T00:00:00.000Z,KOR,"Korea, Rep.",KOR
193,324,16996,Yasutaka Uchiyama,1992-08-05T00:00:00.000Z,JPN,Japan,JPN
193,325,32349,S D Prajwal Dev,1996-05-27T00:00:00.000Z,IND,India,IND
193,326,37580,Leonardo Aboian,1998-04-20T00:00:00.000Z,ARG,Argentina,ARG
191,327,48011,Patrick Zahraj,1999-07-17T00:00:00.000Z,GER,Germany,GER
188,328,60140,Harold Mayot,2002-02-04T00:00:00.000Z,FRA,France,FRA
188,329,6150,Divij Sharan,1986-03-02T00:00:00.000Z,IND,India,IND
187,330,31335,Alberto Barroso Campos,1996-06-04T00:00:00.000Z,ESP,Spain,ESP
187,331,34107,Tim Ruehl,1998-03-31T00:00:00.000Z,GER,Germany,GER
185,332,26960,Colin Sinclair,1994-12-19T00:00:00.000Z,AUS,Australia,AUS
184,333,9493,Christopher Rungkat,1990-01-14T00:00:00.000Z,INA,Indonesia,INA
183,334,17972,Franco Agamenone,1993-04-15T00:00:00.000Z,ITA,Italy,ITA
183,335,31562,Giovanni Oradini,1997-09-14T00:00:00.000Z,ITA,Italy,ITA
183,336,71408,Pranav Kumar,1999-08-31T00:00:00.000Z,USA,United States,USA
182,337,42990,Masamichi Imamura,1998-11-23T00:00:00.000Z,JPN,Japan,JPN
180,338,22807,Daniil Medvedev,1996-02-11T00:00:00.000Z,RUS,Russia,RUS
180,339,69471,Holger Rune,2003-04-29T00:00:00.000Z,DEN,Denmark,DEN
180,340,47275,Jannik Sinner,2001-08-16T00:00:00.000Z,ITA,Italy,ITA
180,341,27482,Nicolas Jarry,1995-10-11T00:00:00.000Z,CHI,Chile,CHI
180,342,39309,Alex De Minaur,1999-02-17T00:00:00.000Z,AUS,Australia,AUS
180,343,50386,Aidan Mchugh,2000-07-09T00:00:00.000Z,GBR,Great Britain,GBR
179,344,72578,Mattia Bellucci,2001-06-01T00:00:00.000Z,ITA,Italy,ITA
178,345,82269,Ethan Quinn,2004-03-12T00:00:00.000Z,USA,United States,USA
178,346,50143,Rio Noguchi,1998-12-28T00:00:00.000Z,JPN,Japan,JPN
177,347,23082,David Poljak,1996-05-17T00:00:00.000Z,CZE,Czech Republic,CZE
176,348,27205,Murkel Alejandro Dellien Velasco,1997-09-16T00:00:00.000Z,BOL,Bolivia,BOL
175,349,25171,Quentin Halys,1996-10-26T00:00:00.000Z,FRA,France,FRA
175,350,73268,Valerio Aboian,2002-06-14T00:00:00.000Z,ARG,Argentina,ARG
174,351,65558,Harry Wendelken,2001-12-18T00:00:00.000Z,GBR,Great Britain,GBR
171,352,76127,Luciano Darderi,2002-02-14T00:00:00.000Z,ITA,Italy,ITA
171,353,46164,Tsung-Hao Huang,1999-11-22T00:00:00.000Z,TPE,Chinese Taipei,TPE
170,354,38911,Ugo Humbert,1998-06-26T00:00:00.000Z,FRA,France,FRA
169,355,36878,Jody Maginley,1995-06-07T00:00:00.000Z,ANT,Antigua-Barbuda,ANT
167,356,85523,Gabriel Debru,2005-12-21T00:00:00.000Z,FRA,France,FRA
167,357,31115,Adam Taylor,1991-06-23T00:00:00.000Z,AUS,Australia,AUS
166,358,71174,Giovanni Mpetshi Perricard,2003-07-08T00:00:00.000Z,FRA,France,FRA
165,359,50519,Adil Kalyanpur,2000-01-26T00:00:00.000Z,IND,India,IND
164,360,72574,Martin Damm,2003-09-30T00:00:00.000Z,USA,United States,USA
163,361,32703,Gijs Brouwer,1996-03-14T00:00:00.000Z,NED,Netherlands,NED
163,362,90924,Jan Hrazdil,2005-03-04T00:00:00.000Z,CZE,Czech Republic,CZE
162,363,53726,Cezar Cretu,2001-04-24T00:00:00.000Z,ROU,Romania,ROU
162,364,69838,Eric Vanshelboim,2001-07-15T00:00:00.000Z,UKR,Ukraine,UKR
160,365,37055,Mats Hermans,1996-04-06T00:00:00.000Z,NED,Netherlands,NED
159,366,45197,Jie Cui,1998-01-24T00:00:00.000Z,CHN,China,CHN
159,367,27114,Jake Delaney,1997-05-14T00:00:00.000Z,AUS,Australia,AUS
158,368,12498,Andrea Collarini,1992-01-31T00:00:00.000Z,ARG,Argentina,ARG
158,369,36114,Moez Echargui,1993-01-10T00:00:00.000Z,TUN,Tunisia,TUN
158,370,38273,Javier Barranco Cosano,1998-11-17T00:00:00.000Z,ESP,Spain,ESP
158,371,38463,Louis Wessels,1998-08-27T00:00:00.000Z,GER,Germany,GER
158,372,45050,Niklas Schell,1999-01-03T00:00:00.000Z,GER,Germany,GER
156,373,80183,Marat Sharipov (RUS),2002-10-09T00:00:00.000Z,RUS,Russia,RUS
156,374,83678,Sai Karteek Reddy Ganta,2000-06-01T00:00:00.000Z,IND,India,IND
154,375,44990,Michiel De Krom,1998-06-27T00:00:00.000Z,NED,Netherlands,NED
153,376,47387,August Holmgren,1998-04-22T00:00:00.000Z,DEN,Denmark,DEN
153,377,3492,Denis Istomin,1986-09-07T00:00:00.000Z,UZB,Uzbekistan,UZB
151,378,39863,Sho Shimabukuro,1997-07-30T00:00:00.000Z,JPN,Japan,JPN
151,379,76298,Jerome Kym,2003-02-12T00:00:00.000Z,SUI,Switzerland,SUI
151,380,30743,Eero Vasa,1997-02-01T00:00:00.000Z,FIN,Finland,FIN
151,381,84226,Thijmen Loof,2002-07-15T00:00:00.000Z,NED,Netherlands,NED
150,382,19689,Alex Bolt,1993-01-05T00:00:00.000Z,AUS,Australia,AUS
150,383,97369,Joel Schwaerzler,2006-01-27T00:00:00.000Z,AUT,Austria,AUT
148,384,89085,Mateo Del Pino,2003-06-28T00:00:00.000Z,ARG,Argentina,ARG
147,385,98265,Alejo Sanchez Quilez,2005-06-25T00:00:00.000Z,ESP,Spain,ESP
146,386,32379,Nicholas Bybel,1993-10-25T00:00:00.000Z,USA,United States,USA
146,387,64916,Matheus Pucinelli De Almeida,2001-04-01T00:00:00.000Z,BRA,Brazil,BRA
145,388,35297,Marc-Andrea Huesler,1996-06-24T00:00:00.000Z,SUI,Switzerland,SUI
145,389,34968,Nicolas Mejia,2000-02-11T00:00:00.000Z,COL,Colombia,COL
144,390,66217,Pavel Verbin,2001-10-18T00:00:00.000Z,RUS,Russia,RUS
144,391,29773,Mark Whitehouse,1993-05-01T00:00:00.000Z,GBR,Great Britain,GBR
143,392,54365,Luca Potenza,2000-07-28T00:00:00.000Z,ITA,Italy,ITA
143,393,25451,Juan Pablo Paz,1995-01-04T00:00:00.000Z,ARG,Argentina,ARG
142,394,55642,Niccolo Catini,1997-12-09T00:00:00.000Z,ITA,Italy,ITA
141,395,64632,Justin Boulais,2001-10-20T00:00:00.000Z,CAN,Canada,CAN
141,396,33284,Nicolas Moreno De Alboran,1997-07-14T00:00:00.000Z,ESP,Spain,ESP
141,397,18338,Mikelis Libietis,1992-07-09T00:00:00.000Z,LAT,Latvia,LAT
140,398,23142,Dmitry Popko,1996-10-24T00:00:00.000Z,KAZ,Kazakhstan,KAZ
140,399,18348,Pedro Sakamoto,1993-06-29T00:00:00.000Z,BRA,Brazil,BRA
139,400,59443,Hamish Stewart,1999-07-30T00:00:00.000Z,GBR,Great Britain,GBR
138,401,68094,James Mackinlay,2000-08-11T00:00:00.000Z,GBR,Great Britain,GBR
137,402,19877,Jea Moon Lee,1993-07-02T00:00:00.000Z,KOR,"Korea, Rep.",KOR
137,403,55657,Lorenzo Rottoli,2002-02-19T00:00:00.000Z,ITA,Italy,ITA
136,404,71419,Pedro Araujo,2002-03-26T00:00:00.000Z,POR,Portugal,POR
136,405,38549,Nitin Kumar Sinha,1999-02-20T00:00:00.000Z,IND,India,IND
135,406,59092,Titouan Droguet,2001-06-15T00:00:00.000Z,FRA,France,FRA
135,407,66828,Mariano Navone,2001-02-27T00:00:00.000Z,ARG,Argentina,ARG
135,408,33648,Casper Ruud,1998-12-22T00:00:00.000Z,NOR,Norway,NOR
135,409,18720,Federico Coria,1992-03-09T00:00:00.000Z,ARG,Argentina,ARG
135,410,36858,Thiago Seyboth Wild,2000-03-10T00:00:00.000Z,BRA,Brazil,BRA
135,411,82696,Maximus Jones,2004-09-05T00:00:00.000Z,THA,Thailand,THA
135,412,73241,Niels Visker,2001-10-05T00:00:00.000Z,NED,Netherlands,NED
132,413,25795,Dominik Kellovsky,1996-07-24T00:00:00.000Z,CZE,Czech Republic,CZE
132,414,99969,Yanis Ghazouani Durand,2000-07-04T00:00:00.000Z,FRA,France,FRA
131,415,44209,Sandro Kopp,2000-05-26T00:00:00.000Z,AUT,Austria,AUT
131,416,66662,Tomas Farjat,2001-02-15T00:00:00.000Z,ARG,Argentina,ARG
130,417,84230,Szymon Kielan,2002-11-21T00:00:00.000Z,POL,Poland,POL
130,418,89099,Joao Eduardo Schiessl,2004-08-19T00:00:00.000Z,BRA,Brazil,BRA
130,419,54761,Francisco Rocha,1999-10-04T00:00:00.000Z,POR,Portugal,POR
130,420,26942,Bogdan Bobrov,1997-09-16T00:00:00.000Z,RUS,Russia,RUS
127,421,20548,Min-Kyu Song,1990-08-25T00:00:00.000Z,KOR,"Korea, Rep.",KOR
127,422,62046,Taisei Ichikawa,2000-12-21T00:00:00.000Z,JPN,Japan,JPN
127,423,91863,Loann Massard,2005-07-27T00:00:00.000Z,FRA,France,FRA
126,424,44595,Ugo Blanchet,1999-01-05T00:00:00.000Z,FRA,France,FRA
126,425,8049,Ruben Gonzales,1985-09-11T00:00:00.000Z,PHI,Philippines,PHI
126,426,81601,Yanaki Milev,2004-04-15T00:00:00.000Z,BUL,Bulgaria,BUL
125,427,52394,Thiago Agustin Tirante,2001-04-10T00:00:00.000Z,ARG,Argentina,ARG
125,428,28170,Arthur Rinderknech,1995-07-23T00:00:00.000Z,FRA,France,FRA
125,429,71812,Simone Agostini,1997-03-29T00:00:00.000Z,ITA,Italy,ITA
125,430,36211,Jesse Delaney,1998-11-14T00:00:00.000Z,AUS,Australia,AUS
124,431,18669,David Jorda Sanchis,1994-06-14T00:00:00.000Z,ESP,Spain,ESP
124,432,38936,Ergi Kirkin,1999-01-27T00:00:00.000Z,TUR,Turkey,TUR
122,433,22432,Thanasi Kokkinakis,1996-04-10T00:00:00.000Z,AUS,Australia,AUS
122,434,86156,Hynek Barton,2004-04-05T00:00:00.000Z,CZE,Czech Republic,CZE
122,435,84120,Mili Poljicak,2004-07-13T00:00:00.000Z,CRO,Croatia,CRO
122,436,86275,Juan Manuel La Serna,2004-02-05T00:00:00.000Z,ARG,Argentina,ARG
122,437,40825,Manish Sureshkumar,1999-08-13T00:00:00.000Z,IND,India,IND
121,438,68393,Max Houkes,2000-07-03T00:00:00.000Z,NED,Netherlands,NED
121,439,66254,Jonas Forejtek,2001-03-10T00:00:00.000Z,CZE,Czech Republic,CZE
120,440,58726,Yanki Erel,2000-09-25T00:00:00.000Z,TUR,Turkey,TUR
120,441,79673,Filip Pieczonka,2004-04-09T00:00:00.000Z,POL,Poland,POL
120,442,69729,Pedro Boscardin Dias,2003-01-28T00:00:00.000Z,BRA,Brazil,BRA
120,443,71188,Giles Hussey,1997-05-26T00:00:00.000Z,GBR,Great Britain,GBR
119,444,27531,Akira Santillan,1997-05-22T00:00:00.000Z,AUS,Australia,AUS
119,445,57933,Matthew Summers,1998-09-25T00:00:00.000Z,GBR,Great Britain,GBR
117,446,42963,Carlos Sanchez Jover,2000-07-21T00:00:00.000Z,ESP,Spain,ESP
117,447,30978,Nathan Ponwith,1998-04-20T00:00:00.000Z,USA,United States,USA
117,448,12276,Juan Sebastian Gomez,1992-03-05T00:00:00.000Z,COL,Colombia,COL
117,449,45252,Rafael Izquierdo Luque,2000-01-10T00:00:00.000Z,ESP,Spain,ESP
116,450,77443,Johan Alexander Rodriguez,2003-09-26T00:00:00.000Z,COL,Colombia,COL
116,451,63737,Francesco Maestrelli,2002-12-21T00:00:00.000Z,ITA,Italy,ITA
115,452,73196,Dominic Stricker,2002-08-16T00:00:00.000Z,SUI,Switzerland,SUI
115,453,97973,Yi Zhou,2005-03-14T00:00:00.000Z,CHN,China,CHN
115,454,28895,Maxime Janvier,1996-10-18T00:00:00.000Z,FRA,France,FRA
115,455,77191,Yusuke Kusuhara,1997-08-09T00:00:00.000Z,JPN,Japan,JPN
115,456,54963,Lucas Horve,2000-02-25T00:00:00.000Z,USA,United States,USA
115,457,18612,Joao Domingues,1993-10-05T00:00:00.000Z,POR,Portugal,POR
115,458,92247,Federico Bondioli,2005-05-16T00:00:00.000Z,ITA,Italy,ITA
114,459,66379,Alvaro Guillen Meza,2003-01-02T00:00:00.000Z,ECU,Ecuador,ECU
114,460,45977,Sanhui Shin,1997-03-18T00:00:00.000Z,KOR,"Korea, Rep.",KOR
114,461,68635,Noah Perfetti,2001-01-15T00:00:00.000Z,ITA,Italy,ITA
114,462,84941,Dimitris Sakellaridis,2006-04-30T00:00:00.000Z,GRE,Greece,GRE
113,463,38634,Finn Bass,1999-10-09T00:00:00.000Z,GBR,Great Britain,GBR
113,464,36276,Kris Van Wyk,1996-09-29T00:00:00.000Z,RSA,South Africa,RSA
112,465,65903,Arthur Bouquier,2000-12-25T00:00:00.000Z,FRA,France,FRA
111,466,41484,Nikolas Sanchez-Izquierdo,1999-03-15T00:00:00.000Z,ESP,Spain,ESP
111,467,99846,Ryotaro Taguchi,2000-06-30T00:00:00.000Z,JPN,Japan,JPN
111,468,84323,Lukas Pokorny,2002-02-28T00:00:00.000Z,SVK,Slovakia,SVK
110,469,32729,Yosuke Watanuki,1998-04-12T00:00:00.000Z,JPN,Japan,JPN
110,470,18524,Aslan Karatsev,1993-09-04T00:00:00.000Z,RUS,Russia,RUS
110,471,84237,Sander Jong,2000-05-18T00:00:00.000Z,NED,Netherlands,NED
110,472,5069,Vishnu Vardhan,1987-07-27T00:00:00.000Z,IND,India,IND
110,473,59646,Parikshit Somani,1999-12-02T00:00:00.000Z,IND,India,IND
110,474,19871,Nick Chappell,1992-09-19T00:00:00.000Z,USA,United States,USA
110,475,51087,Naoki Tajima,2000-09-21T00:00:00.000Z,JPN,Japan,JPN
109,476,92095,Luca Pow,2005-02-01T00:00:00.000Z,GBR,Great Britain,GBR
109,477,56211,Keegan Smith,1998-06-23T00:00:00.000Z,USA,United States,USA
109,478,36062,Marek Gengel,1995-09-17T00:00:00.000Z,CZE,Czech Republic,CZE
108,479,69015,Andrea Picchione,1998-06-07T00:00:00.000Z,ITA,Italy,ITA
108,480,53517,Sidane Pontjodikromo,2000-10-24T00:00:00.000Z,NED,Netherlands,NED
107,481,33298,Antoine Bellier,1996-10-18T00:00:00.000Z,SUI,Switzerland,SUI
107,482,79440,Oliver Okonkwo,2000-04-08T00:00:00.000Z,GBR,Great Britain,GBR
107,483,28685,Viktor Durasovic,1997-03-19T00:00:00.000Z,NOR,Norway,NOR
107,484,28417,Zvonimir Babic,1995-10-22T00:00:00.000Z,CRO,Croatia,CRO
107,485,55251,George Houghton,1998-07-11T00:00:00.000Z,GBR,Great Britain,GBR
105,486,54207,Maxime Cressy,1997-05-08T00:00:00.000Z,USA,United States,USA
105,487,55252,Otto Virtanen,2001-06-21T00:00:00.000Z,FIN,Finland,FIN
104,488,57258,Benjamin Winter Lopez,1998-05-27T00:00:00.000Z,ESP,Spain,ESP
104,489,85119,Ilya Snitari,2002-03-20T00:00:00.000Z,MDA,Moldova,MDA
104,490,73607,Liam Hignett,1999-12-06T00:00:00.000Z,GBR,Great Britain,GBR
104,491,34320,Eleftherios Neos,1999-09-06T00:00:00.000Z,CYP,Cyprus,CYP
104,492,28774,Khumoun Sultanov,1998-10-27T00:00:00.000Z,UZB,Uzbekistan,UZB
103,493,28936,Mert Naci Turker,1998-08-16T00:00:00.000Z,TUR,Turkey,TUR
102,494,36278,Rigele Te,1997-10-09T00:00:00.000Z,CHN,China,CHN
102,495,754,Aisam Qureshi,1980-03-17T00:00:00.000Z,PAK,Pakistan,PAK
102,496,45938,Florian Broska,1998-01-01T00:00:00.000Z,GER,Germany,GER
102,497,89402,Erik Arutiunian,2004-10-19T00:00:00.000Z,BLR,Belarus,BLR
100,498,28899,Benjamin Bonzi,1996-06-09T00:00:00.000Z,FRA,France,FRA
100,499,29180,Billy Harris,1995-01-25T00:00:00.000Z,GBR,Great Britain,GBR
100,500,36793,Felix Corwin,1996-05-26T00:00:00.000Z,USA,United States,USA
99,501,68090,Jacob Fearnley,2001-07-15T00:00:00.000Z,GBR,Great Britain,GBR
99,502,65129,Alejo Lorenzo Lingua Lavallen,2001-03-09T00:00:00.000Z,ARG,Argentina,ARG
99,503,70062,Adam Heinonen,2002-08-22T00:00:00.000Z,SWE,Sweden,SWE
98,504,55841,Dhakshineswar Suresh,2000-03-29T00:00:00.000Z,IND,India,IND
98,505,73949,Erik Grevelius,2000-06-24T00:00:00.000Z,SWE,Sweden,SWE
98,506,85844,Marcello Serafini,2002-08-25T00:00:00.000Z,ITA,Italy,ITA
98,507,77575,John Sperle,2002-01-30T00:00:00.000Z,GER,Germany,GER
98,508,27478,Kazuma Kawachi,1994-10-11T00:00:00.000Z,JPN,Japan,JPN
98,509,36620,Simon Beaupain,1999-05-18T00:00:00.000Z,BEL,Belgium,BEL
97,510,81995,Luciano Emanuel Ambrogi,2003-11-19T00:00:00.000Z,ARG,Argentina,ARG
96,511,12662,Tennys Sandgren,1991-07-22T00:00:00.000Z,USA,United States,USA
96,512,42229,Camilo Ugo Carabelli,1999-06-17T00:00:00.000Z,ARG,Argentina,ARG
95,513,91521,Joao Fonseca,2006-08-21T00:00:00.000Z,BRA,Brazil,BRA
95,514,63299,Dalibor Svrcina,2002-10-02T00:00:00.000Z,CZE,Czech Republic,CZE
95,515,55868,Lorenzo Joaquin Rodriguez,1999-09-29T00:00:00.000Z,ARG,Argentina,ARG
95,516,31698,Luca Giacomini,1997-10-24T00:00:00.000Z,ITA,Italy,ITA
95,517,99755,James Watt,2000-06-09T00:00:00.000Z,NZL,New Zealand,NZL
94,518,55828,Clement Chidekh,2001-06-13T00:00:00.000Z,FRA,France,FRA
94,519,54563,Stefan Latinovic,1999-11-22T00:00:00.000Z,SRB,Serbia,SRB
93,520,10828,Radu Albot,1989-11-11T00:00:00.000Z,MDA,Moldova,MDA
93,521,82492,Ozan Baris,2004-03-31T00:00:00.000Z,USA,United States,USA
93,522,87277,Arthur Gea,2005-01-02T00:00:00.000Z,FRA,France,FRA
93,523,51859,Sheng Tang,2000-01-28T00:00:00.000Z,CHN,China,CHN
93,524,58432,Oleksandr Ovcharenko,2001-10-17T00:00:00.000Z,UKR,Ukraine,UKR
93,525,66499,Younes Lalami Laaroussi,2001-04-18T00:00:00.000Z,MAR,Morocco,MAR
93,526,45228,Alexey Nesterov,1998-01-22T00:00:00.000Z,RUS,Russia,RUS
92,527,30944,Alfredo Perez,1997-05-22T00:00:00.000Z,USA,United States,USA
92,528,69574,Tyler Zink,2001-01-30T00:00:00.000Z,USA,United States,USA
92,529,100722,Zhan Zheng,2003-03-10T00:00:00.000Z,CHN,China,CHN
92,530,18495,Alexey Vatutin,1992-10-27T00:00:00.000Z,RUS,Russia,RUS
92,531,32910,Sergi Perez Contri,1998-01-20T00:00:00.000Z,ESP,Spain,ESP
92,532,85308,Petr Bar Biryukov,2002-02-28T00:00:00.000Z,RUS,Russia,RUS
92,533,31517,Stefano Reitano,1997-07-21T00:00:00.000Z,ITA,Italy,ITA
91,534,68639,Axel Garcian,2002-06-07T00:00:00.000Z,FRA,France,FRA
91,535,34844,Duarte Vale,1999-01-11T00:00:00.000Z,POR,Portugal,POR
91,536,56591,Matthew Hulme,1999-02-17T00:00:00.000Z,AUS,Australia,AUS
90,537,9831,John Millman,1989-06-14T00:00:00.000Z,AUS,Australia,AUS
90,538,13674,Marton Fucsovics,1992-02-08T00:00:00.000Z,HUN,Hungary,HUN
90,539,14609,Thiago Moura Monteiro,1994-05-31T00:00:00.000Z,BRA,Brazil,BRA
90,539,14745,Jason Murray Kubler,1993-05-19T00:00:00.000Z,AUS,Australia,AUS
90,539,63017,Jack Draper,2001-12-22T00:00:00.000Z,GBR,Great Britain,GBR
90,542,24225,Yoshihito Nishioka,1995-09-27T00:00:00.000Z,JPN,Japan,JPN
90,542,17004,Ben Mclachlan,1992-05-10T00:00:00.000Z,NZL,New Zealand,NZL
90,544,26473,Hubert Hurkacz,1997-02-11T00:00:00.000Z,POL,Poland,POL
90,544,12190,Dusan Lajovic,1990-06-30T00:00:00.000Z,SRB,Serbia,SRB
90,546,52140,Fabian Marozsan,1999-10-08T00:00:00.000Z,HUN,Hungary,HUN
90,547,29732,Daniel Altmaier,1998-09-12T00:00:00.000Z,GER,Germany,GER
90,548,40434,Felix Auger Aliassime,2000-08-08T00:00:00.000Z,CAN,Canada,CAN
90,549,28267,Aleksandar Vukic,1996-04-06T00:00:00.000Z,AUS,Australia,AUS
90,550,71166,Chak Lam Coleman Wong,2004-06-06T00:00:00.000Z,HKG,Hong Kong,HKG
90,551,83306,Viacheslav Bielinskyi,2003-12-02T00:00:00.000Z,UKR,Ukraine,UKR
90,552,38295,Michael Shaw,1999-02-19T00:00:00.000Z,GBR,Great Britain,GBR
89,553,79061,Kristijan Juhas,2001-06-04T00:00:00.000Z,SRB,Serbia,SRB
89,554,39039,Boris Kozlov,2000-08-26T00:00:00.000Z,USA,United States,USA
89,555,23099,Hernan Casanova,1994-02-06T00:00:00.000Z,ARG,Argentina,ARG
89,556,68405,Diego Barreto Sanchez,2002-04-18T00:00:00.000Z,ESP,Spain,ESP
89,557,41473,Michalis Sakellaridis,2001-01-15T00:00:00.000Z,GRE,Greece,GRE
88,558,25365,Marc Polmans,1997-05-02T00:00:00.000Z,AUS,Australia,AUS
88,559,84239,Fons Van Sambeek,2002-02-10T00:00:00.000Z,NED,Netherlands,NED
87,560,56590,Dane Sweeny,2001-02-12T00:00:00.000Z,AUS,Australia,AUS
87,561,73983,Gonzalo Bueno,2004-04-03T00:00:00.000Z,PER,Peru,PER
87,562,25539,Shintaro Imai,1993-09-07T00:00:00.000Z,JPN,Japan,JPN
87,563,52543,Diogo Marques,1999-08-08T00:00:00.000Z,POR,Portugal,POR
87,564,35681,Raphael Calzi,1997-07-16T00:00:00.000Z,LUX,Luxembourg,LUX
87,565,67863,Gokberk Saritas,2003-07-18T00:00:00.000Z,TUR,Turkey,TUR
86,566,38391,Mikalai Haliak,1998-08-14T00:00:00.000Z,BLR,Belarus,BLR
86,567,77868,Nikolay Nedelchev,2003-07-05T00:00:00.000Z,BUL,Bulgaria,BUL
86,568,45487,Johannes Seeman,2000-07-05T00:00:00.000Z,EST,Estonia,EST
86,569,94989,Jacopo Bilardo,2004-11-04T00:00:00.000Z,ITA,Italy,ITA
86,570,54146,Buvaysar Gadamauri,2000-07-10T00:00:00.000Z,BEL,Belgium,BEL
86,571,54380,Tommaso Compagnucci,1999-11-05T00:00:00.000Z,ITA,Italy,ITA
85,572,83918,Rik Muller,2001-06-07T00:00:00.000Z,NED,Netherlands,NED
85,573,52369,Yeongseok Jeong,2000-03-04T00:00:00.000Z,KOR,"Korea, Rep.",KOR
85,574,90027,Brian Bozemoj,2003-11-30T00:00:00.000Z,NED,Netherlands,NED
84,575,22686,Harrison Adams,1994-05-25T00:00:00.000Z,USA,United States,USA
84,576,28856,Gabriel Donev,1996-06-29T00:00:00.000Z,BUL,Bulgaria,BUL
84,577,91178,Yamato Sueoka,2003-02-28T00:00:00.000Z,JPN,Japan,JPN
84,578,42150,Ivan Marrero Curbelo,1998-09-27T00:00:00.000Z,ESP,Spain,ESP
83,579,86924,Jakub Nicod,2004-07-21T00:00:00.000Z,CZE,Czech Republic,CZE
83,580,37199,Adrian Oetzbach,1997-10-29T00:00:00.000Z,GER,Germany,GER
83,581,30801,Vadym Ursu,1997-01-01T00:00:00.000Z,UKR,Ukraine,UKR
82,582,12097,Stefano Travaglia,1991-12-28T00:00:00.000Z,ITA,Italy,ITA
82,583,89396,Rodrigo Pacheco Mendez,2005-04-25T00:00:00.000Z,MEX,Mexico,MEX
82,584,95464,Matej Dodig,2005-07-19T00:00:00.000Z,CRO,Croatia,CRO
82,585,30230,Peter Bertran,1996-05-05T00:00:00.000Z,DOM,Dominican Republic,DOM
82,586,54973,Zura Tkemaladze,2000-06-04T00:00:00.000Z,GEO,Georgia,GEO
82,587,38400,Aliaksandr Liaonenka,1999-03-17T00:00:00.000Z,BLR,Belarus,BLR
82,588,83555,Robin Bertrand,2003-03-15T00:00:00.000Z,FRA,France,FRA
82,589,32811,Ignacio Monzon,1998-01-05T00:00:00.000Z,ARG,Argentina,ARG
82,590,37735,Franco Ribero,1999-09-09T00:00:00.000Z,ARG,Argentina,ARG
82,591,76126,Keisuke Saitoh,2001-04-29T00:00:00.000Z,JPN,Japan,JPN
81,592,20651,Tristan Lamasine,1993-03-05T00:00:00.000Z,FRA,France,FRA
81,593,76232,Keshav Chopra,2001-10-24T00:00:00.000Z,USA,United States,USA
81,594,58179,Daniel Paty,1999-10-04T00:00:00.000Z,CZE,Czech Republic,CZE
81,595,10202,Alessandro Giannessi,1990-05-30T00:00:00.000Z,ITA,Italy,ITA
81,596,45773,Alexander Zgirovsky,2001-07-10T00:00:00.000Z,BLR,Belarus,BLR
81,597,43900,Daniel Moreno,2000-02-23T00:00:00.000Z,USA,United States,USA
80,598,77192,Johannus Monday,2002-01-22T00:00:00.000Z,GBR,Great Britain,GBR
80,599,29829,Johan Nikles,1997-03-23T00:00:00.000Z,SUI,Switzerland,SUI
80,600,43645,Alan Fernando Rubio Fierros,1999-02-03T00:00:00.000Z,MEX,Mexico,MEX
80,601,67789,Wally Thayne,2000-12-29T00:00:00.000Z,USA,United States,USA
79,602,83790,Shunsuke Nakagawa,2000-03-07T00:00:00.000Z,JPN,Japan,JPN
79,603,38250,Maxence Beauge,2000-06-08T00:00:00.000Z,FRA,France,FRA
79,604,84556,Kokoro Isomura,2003-01-22T00:00:00.000Z,JPN,Japan,JPN
79,605,75230,Thiago Cigarran,2000-03-26T00:00:00.000Z,ARG,Argentina,ARG
78,606,49212,Rafael Tosetto,1999-06-02T00:00:00.000Z,BRA,Brazil,BRA
78,607,21623,David Perez Sanz,1994-05-15T00:00:00.000Z,ESP,Spain,ESP
78,608,97989,Koki Matsuda,2000-10-31T00:00:00.000Z,JPN,Japan,JPN
78,609,37486,Dan Alexandru Tomescu,1999-03-30T00:00:00.000Z,ROU,Romania,ROU
77,610,36617,Felipe Meligeni Alves,1998-02-19T00:00:00.000Z,BRA,Brazil,BRA
77,611,61667,Bu Yunchaokete,2002-01-19T00:00:00.000Z,CHN,China,CHN
77,612,58591,Garrett Johns,2000-12-17T00:00:00.000Z,USA,United States,USA
77,613,89700,Arthur Nagel,2003-04-14T00:00:00.000Z,FRA,France,FRA
77,614,20987,Sergis Kyratzis,1995-05-12T00:00:00.000Z,CYP,Cyprus,CYP
77,615,22323,Roberto Cid Subervi,1993-08-30T00:00:00.000Z,DOM,Dominican Republic,DOM
77,616,59835,Dax Donders,2000-07-14T00:00:00.000Z,NED,Netherlands,NED
77,617,62996,Marlon Vankan,2000-08-27T00:00:00.000Z,GER,Germany,GER
77,618,74880,Stefanos Sakellaridis,2004-09-13T00:00:00.000Z,GRE,Greece,GRE
76,619,84553,Viktor Jovic,2002-01-24T00:00:00.000Z,SRB,Serbia,SRB
76,620,51846,Alex Marti Pujolras,1999-02-10T00:00:00.000Z,ESP,Spain,ESP
76,621,34829,Juan Bautista Otegui,1999-02-23T00:00:00.000Z,ARG,Argentina,ARG
76,622,62990,Saba Purtseladze,2001-08-20T00:00:00.000Z,GEO,Georgia,GEO
76,623,66500,Samir Hamza Reguig,2002-01-19T00:00:00.000Z,ALG,Algeria,ALG
75,624,47557,Chun Hsin Tseng,2001-08-08T00:00:00.000Z,TPE,Chinese Taipei,TPE
75,624,79068,Toby Samuel,2002-09-06T00:00:00.000Z,GBR,Great Britain,GBR
75,626,68627,Gabriel Diallo,2001-09-24T00:00:00.000Z,CAN,Canada,CAN
75,627,23462,Xin Gao,1994-05-12T00:00:00.000Z,CHN,China,CHN
75,628,37741,Zizou Bergs,1999-06-03T00:00:00.000Z,BEL,Belgium,BEL
75,629,16998,Maximilian Neuchrist,1991-07-22T00:00:00.000Z,AUT,Austria,AUT
75,630,95698,Federico Cina,2007-03-30T00:00:00.000Z,ITA,Italy,ITA
75,631,28073,Duckhee Lee,1998-05-29T00:00:00.000Z,KOR,"Korea, Rep.",KOR
75,632,63847,Mateo Barreiros Reyes,2000-12-14T00:00:00.000Z,BRA,Brazil,BRA
75,633,30971,Lucas Bouquet,1997-08-05T00:00:00.000Z,FRA,France,FRA
75,634,74151,Max Wiskandt,2002-02-01T00:00:00.000Z,GER,Germany,GER
75,635,91530,Svyatoslav Gulin,2002-12-04T00:00:00.000Z,RUS,Russia,RUS
74,636,58005,Philip Henning,2000-11-10T00:00:00.000Z,RSA,South Africa,RSA
74,637,8818,Goncalo Falcao,1988-02-22T00:00:00.000Z,POR,Portugal,POR
73,638,76125,Shunsuke Mitsui,2002-05-20T00:00:00.000Z,JPN,Japan,JPN
73,639,47259,Clement Tabur,2000-01-24T00:00:00.000Z,FRA,France,FRA
73,640,79813,Samuel Vincent Ruggeri,2002-05-22T00:00:00.000Z,ITA,Italy,ITA
73,641,31320,Jesse Flores,1995-03-31T00:00:00.000Z,CAN,Canada,CAN
73,642,23075,Tomas Lipovsek Puches,1993-04-17T00:00:00.000Z,SLO,Slovenia,SLO
73,643,34756,Adam Jones,1998-05-08T00:00:00.000Z,GBR,Great Britain,GBR
73,644,29980,Abraham Asaba,1997-05-21T00:00:00.000Z,GHA,Ghana,GHA
72,645,59356,Anton Matusevich,2001-05-30T00:00:00.000Z,GBR,Great Britain,GBR
72,646,37297,Timo Stodder,1996-05-17T00:00:00.000Z,GER,Germany,GER
76,647,110313,Gonzalo Oliveira,,VEN,Venezuela,VEN
72,647,21524,Jelle Sels,1995-08-10T00:00:00.000Z,NED,Netherlands,NED
72,648,31327,Luca Castelnuovo,1997-01-29T00:00:00.000Z,SUI,Switzerland,SUI
72,649,26832,Goncalo Oliveira,1995-02-17T00:00:00.000Z,POR,Portugal,POR
72,650,44538,Daniel De Jonge,1999-08-17T00:00:00.000Z,NED,Netherlands,NED
71,651,29906,Juan Pablo Ficovich,1997-01-24T00:00:00.000Z,ARG,Argentina,ARG
71,652,21464,Alexander Ritschard,1994-03-24T00:00:00.000Z,SUI,Switzerland,SUI
71,653,57038,John Echeverria,2001-11-30T00:00:00.000Z,ESP,Spain,ESP
71,654,54557,Mario Mansilla Diez,2002-05-12T00:00:00.000Z,ESP,Spain,ESP
71,655,37302,Matteo De Vincentis,1998-04-25T00:00:00.000Z,ITA,Italy,ITA
71,656,38427,Jannik Opitz,1998-04-15T00:00:00.000Z,GER,Germany,GER
71,657,23993,Gabriele Maria Noce,1995-10-29T00:00:00.000Z,ITA,Italy,ITA
71,658,72575,Yuquan Jin,2000-12-12T00:00:00.000Z,CHN,China,CHN
71,658,72576,Zekai Li,2000-01-31T00:00:00.000Z,CHN,China,CHN
70,660,26153,Juan Pablo Varillas,1995-10-06T00:00:00.000Z,PER,Peru,PER
70,661,79064,Leandro Riedi,2002-01-27T00:00:00.000Z,SUI,Switzerland,SUI
70,662,36470,Mats Rosenkranz,1998-08-23T00:00:00.000Z,GER,Germany,GER
70,663,73399,Toby Alex Kodat,2003-01-13T00:00:00.000Z,USA,United States,USA
70,664,83338,Igor Kudriashov,2003-09-27T00:00:00.000Z,RUS,Russia,RUS
70,665,53909,Luka Pavlovic,2000-03-30T00:00:00.000Z,FRA,France,FRA
70,666,52283,Fermin Tenti,1997-06-14T00:00:00.000Z,ARG,Argentina,ARG
70,667,44807,S Mert Ozdemir,2000-01-02T00:00:00.000Z,TUR,Turkey,TUR
69,668,70936,Tom Hands,1996-11-02T00:00:00.000Z,GBR,Great Britain,GBR
69,669,35597,Gabriel Decamps,1999-08-07T00:00:00.000Z,BRA,Brazil,BRA
69,670,29953,Tung-Lin Wu,1998-05-12T00:00:00.000Z,TPE,Chinese Taipei,TPE
69,671,80391,Adolfo Daniel Vallejo,2004-04-28T00:00:00.000Z,PAR,Paraguay,PAR
69,672,49999,Axel Nefve,2000-07-22T00:00:00.000Z,USA,United States,USA
69,673,62202,Samuel Puskar,2000-04-21T00:00:00.000Z,SVK,Slovakia,SVK
69,674,31667,Vasilios Caripi,1991-09-28T00:00:00.000Z,RSA,South Africa,RSA
69,675,84373,Amaury Raynel,2002-06-29T00:00:00.000Z,FRA,France,FRA
69,676,54358,Ye Cong Mo,2000-06-26T00:00:00.000Z,CHN,China,CHN
68,677,53945,Gregor Ramskogler,1998-12-05T00:00:00.000Z,AUT,Austria,AUT
68,678,17264,Denis Yevseyev,1993-05-22T00:00:00.000Z,KAZ,Kazakhstan,KAZ
68,679,29889,Evgenii Tiurnev,1997-04-08T00:00:00.000Z,RUS,Russia,RUS
67,680,36258,Nikita Mashtakov,1999-03-18T00:00:00.000Z,UKR,Ukraine,UKR
67,681,65733,Igor Gimenez,2000-02-20T00:00:00.000Z,BRA,Brazil,BRA
67,682,86083,Karan Singh,2003-06-30T00:00:00.000Z,IND,India,IND
66,683,92184,Nishesh Basavareddy,2005-05-02T00:00:00.000Z,USA,United States,USA
66,684,22429,Dennis Novak,1993-08-28T00:00:00.000Z,AUT,Austria,AUT
66,685,83314,Lukas Neumayer,2002-09-06T00:00:00.000Z,AUT,Austria,AUT
66,686,29459,Ryan Peniston,1995-11-10T00:00:00.000Z,GBR,Great Britain,GBR
66,687,54208,Florent Bax,1999-06-16T00:00:00.000Z,FRA,France,FRA
66,688,94765,Leo Vithoontien,1999-08-18T00:00:00.000Z,JPN,Japan,JPN
65,689,18497,Peter Heller,1992-08-12T00:00:00.000Z,GER,Germany,GER
65,690,824,Igor Zelenay,1982-10-02T00:00:00.000Z,SVK,Slovakia,SVK
65,691,81781,Jan Kupcic,2001-04-14T00:00:00.000Z,SLO,Slovenia,SLO
65,692,21332,Wishaya Trongcharoenchaikul,1995-04-08T00:00:00.000Z,THA,Thailand,THA
65,693,51086,Kousuke Ogura,1996-02-09T00:00:00.000Z,JPN,Japan,JPN
64,694,75660,Alec Beckley,2001-06-18T00:00:00.000Z,RSA,South Africa,RSA
64,695,65138,Brandon Perez,2000-01-14T00:00:00.000Z,VEN,Venezuela,VEN
64,696,74540,Kirill Mishkin,2002-10-23T00:00:00.000Z,RUS,Russia,RUS
63,697,54206,Gilbert Klier Junior,2000-05-16T00:00:00.000Z,BRA,Brazil,BRA
63,698,84604,Alejandro Turriziani Alvarez,2003-02-12T00:00:00.000Z,ESP,Spain,ESP
63,699,87624,Jasza Szajrych,2002-04-23T00:00:00.000Z,POL,Poland,POL
63,700,50391,Imanol Lopez Morillo,1999-11-18T00:00:00.000Z,ESP,Spain,ESP
63,701,32510,Guy Den Heijer,1997-03-30T00:00:00.000Z,NED,Netherlands,NED
63,702,876,Vitali Chvets,1981-01-01T00:00:00.000Z,BLR,Belarus,BLR
62,703,28346,Nino Serdarusic,1996-12-13T00:00:00.000Z,CRO,Croatia,CRO
61,704,87283,Mark Lajal,2003-05-12T00:00:00.000Z,EST,Estonia,EST
61,705,59491,Yannik Steinegger,2000-09-11T00:00:00.000Z,SUI,Switzerland,SUI
61,706,8158,Purav Raja,1985-12-07T00:00:00.000Z,IND,India,IND
61,707,39434,Quentin Folliot,1998-12-31T00:00:00.000Z,FRA,France,FRA
61,708,91451,Tiago Silva,2004-11-30T00:00:00.000Z,POR,Portugal,POR
61,709,28586,Antoine Hoang,1995-11-04T00:00:00.000Z,FRA,France,FRA
61,710,51972,Mikel Martinez,2000-10-16T00:00:00.000Z,ESP,Spain,ESP
61,711,57500,Lukas Hellum Lilleengen,2000-11-15T00:00:00.000Z,NOR,Norway,NOR
61,712,23335,Yurii Dzhavakian,1993-05-07T00:00:00.000Z,UKR,Ukraine,UKR
60,713,51046,Taha Baadi,2001-07-19T00:00:00.000Z,CAN,Canada,CAN
60,714,14959,Sebastian Fanselow,1991-12-30T00:00:00.000Z,GER,Germany,GER
60,715,39851,Cengiz Aksu,1998-07-30T00:00:00.000Z,TUR,Turkey,TUR
60,716,36664,Jamie Vance,1997-12-15T00:00:00.000Z,USA,United States,USA
59,717,60951,Patrick Maloney,2000-02-09T00:00:00.000Z,USA,United States,USA
59,718,15000,Oscar Jose Gutierrez,1993-04-25T00:00:00.000Z,BRA,Brazil,BRA
59,719,36897,Evan Zhu,1998-08-15T00:00:00.000Z,USA,United States,USA
59,720,83921,Alejandro Manzanera Pertusa,2003-04-08T00:00:00.000Z,ESP,Spain,ESP
59,721,95667,Lorenzo Sciahbasi,2005-11-04T00:00:00.000Z,ITA,Italy,ITA
59,722,70265,Jan Jermar,2000-04-12T00:00:00.000Z,CZE,Czech Republic,CZE
59,723,61281,Illya Beloborodko,2001-05-07T00:00:00.000Z,UKR,Ukraine,UKR
59,724,35892,Elio Jose Ribeiro Lago,1997-12-31T00:00:00.000Z,BRA,Brazil,BRA
59,725,73934,Federico Campana,1998-04-13T00:00:00.000Z,ITA,Italy,ITA
59,726,50385,Ewen Lumsden,2000-02-17T00:00:00.000Z,GBR,Great Britain,GBR
58,727,10404,Yan Bai,1989-05-21T00:00:00.000Z,CHN,China,CHN
58,728,51965,Francesco Forti,1999-07-26T00:00:00.000Z,ITA,Italy,ITA
58,729,77659,Juan Bautista Torres,2002-04-02T00:00:00.000Z,ARG,Argentina,ARG
58,730,25533,Calvin Hemery,1995-01-28T00:00:00.000Z,FRA,France,FRA
58,731,62404,Tristan Mccormick,1999-04-01T00:00:00.000Z,USA,United States,USA
58,732,59591,Ishaque Eqbal,1998-01-17T00:00:00.000Z,IND,India,IND
58,733,85851,Luka Mikrut,2004-04-16T00:00:00.000Z,CRO,Croatia,CRO
58,734,54134,James Markiewicz,1994-06-02T00:00:00.000Z,GBR,Great Britain,GBR
57,735,43647,Simon Anthony Ivanov,2000-07-03T00:00:00.000Z,BUL,Bulgaria,BUL
57,736,30210,Alexander Klintcharov,1996-08-25T00:00:00.000Z,NZL,New Zealand,NZL
57,737,90203,Lautaro Midon,2004-03-29T00:00:00.000Z,ARG,Argentina,ARG
56,738,79683,Millen Hurrion,1999-06-22T00:00:00.000Z,GBR,Great Britain,GBR
56,739,42971,Vit Kopriva,1997-06-15T00:00:00.000Z,CZE,Czech Republic,CZE
56,740,59241,Michal Lusovsky,1999-03-31T00:00:00.000Z,CZE,Czech Republic,CZE
56,741,31479,Mitchell Harper,1997-09-05T00:00:00.000Z,AUS,Australia,AUS
56,742,81114,Stefan Popovic,2003-05-25T00:00:00.000Z,SRB,Serbia,SRB
56,743,38728,Menelaos Efstathiou,1999-03-02T00:00:00.000Z,CYP,Cyprus,CYP
56,744,86351,Tom Gentzsch,2003-09-05T00:00:00.000Z,GER,Germany,GER
56,745,40820,Benjamin Pietri,1996-07-31T00:00:00.000Z,FRA,France,FRA
56,745,30742,Patrick Kaukovalta,1998-12-01T00:00:00.000Z,FIN,Finland,FIN
55,747,9833,Ricardas Berankis,1990-06-21T00:00:00.000Z,LTU,Lithuania,LTU
55,748,5136,Illya Marchenko,1987-09-08T00:00:00.000Z,UKR,Ukraine,UKR
55,748,13447,Damir Dzumhur,1992-05-20T00:00:00.000Z,BIH,Bosnia and Herzegovina,BIH
55,750,1747,Andrea Arnaboldi,1987-12-27T00:00:00.000Z,ITA,Italy,ITA
55,751,49285,Matyas Fuele,1998-12-22T00:00:00.000Z,HUN,Hungary,HUN
55,752,53722,Federico Arnaboldi,2000-06-18T00:00:00.000Z,ITA,Italy,ITA
55,753,59423,Arthur Weber,1992-05-09T00:00:00.000Z,FRA,France,FRA
55,754,75578,Daniel Antonio Nunez,2001-06-02T00:00:00.000Z,CHI,Chile,CHI
55,755,30814,Giuseppe Tresca,,ITA,Italy,ITA
55,756,88896,Matt Ponchet,2004-06-22T00:00:00.000Z,FRA,France,FRA
55,757,48237,Ivan Denisov,2000-06-07T00:00:00.000Z,RUS,Russia,RUS
54,758,97382,Patrick Schoen,2005-05-04T00:00:00.000Z,SUI,Switzerland,SUI
54,759,81645,Joaquim Almeida,2002-03-14T00:00:00.000Z,BRA,Brazil,BRA
54,760,48443,Kai Lemstra,1999-06-19T00:00:00.000Z,GER,Germany,GER
54,761,50756,Lorenzo Lorusso,2000-01-06T00:00:00.000Z,ITA,Italy,ITA
54,762,69560,Lawrence Sciglitano,1999-04-10T00:00:00.000Z,AUS,Australia,AUS
54,763,86936,Alexandru Cristian Dumitru,2004-02-20T00:00:00.000Z,ROU,Romania,ROU
53,764,31726,Julian Ocleppo,1997-08-01T00:00:00.000Z,ITA,Italy,ITA
53,765,26831,Jorge Martinez Martinez,1995-09-23T00:00:00.000Z,ESP,Spain,ESP
53,766,51095,Alejandro Garcia,2001-11-19T00:00:00.000Z,ESP,Spain,ESP
53,767,44809,Umut Akkoyun,2000-07-10T00:00:00.000Z,TUR,Turkey,TUR
53,768,38587,Nicolas Parizzia,1998-09-15T00:00:00.000Z,SUI,Switzerland,SUI
53,769,41066,Luigi Sorrentino,1998-06-18T00:00:00.000Z,ITA,Italy,ITA
53,770,95901,Oren Vasser,2000-02-23T00:00:00.000Z,USA,United States,USA
53,771,75220,Miguel Angel Cabrera,2000-07-08T00:00:00.000Z,CHI,Chile,CHI
52,772,11373,Evgeny Donskoy,1990-05-09T00:00:00.000Z,RUS,Russia,RUS
52,773,7805,Kenny de Schepper,1987-05-29T00:00:00.000Z,FRA,France,FRA
52,774,8662,Sho Katayama,1989-05-12T00:00:00.000Z,JPN,Japan,JPN
52,775,56274,Beibit Zhukayev,2000-10-12T00:00:00.000Z,KAZ,Kazakhstan,KAZ
52,776,70705,Roman Andres Burruchaga,2002-01-23T00:00:00.000Z,ARG,Argentina,ARG
52,777,29800,Strong Kirchheimer,1995-04-26T00:00:00.000Z,USA,United States,USA
52,778,61670,Zijiang Yang,2000-09-20T00:00:00.000Z,CHN,China,CHN
52,779,14898,Facundo Mena,1992-09-22T00:00:00.000Z,ARG,Argentina,ARG
52,780,85763,Samuele Pieri,2002-02-28T00:00:00.000Z,ITA,Italy,ITA
52,781,20900,Toby Martin,1993-02-19T00:00:00.000Z,GBR,Great Britain,GBR
51,782,33904,Raul Brancaccio,1997-05-04T00:00:00.000Z,ITA,Italy,ITA
51,783,55290,Filip Cristian Jianu,2001-09-18T00:00:00.000Z,ROU,Romania,ROU
51,784,98385,Joaquin Aguilar Cardozo,2005-04-08T00:00:00.000Z,URU,Uruguay,URU
51,785,11970,Mark Vervoort,1990-10-07T00:00:00.000Z,NED,Netherlands,NED
51,786,99112,Federico Aguilar Cardozo,2005-04-08T00:00:00.000Z,URU,Uruguay,URU
51,787,71976,Fabrizio Andaloro,2001-01-31T00:00:00.000Z,ITA,Italy,ITA
51,788,43553,Sergey Fomin,2001-02-01T00:00:00.000Z,UZB,Uzbekistan,UZB
51,789,50141,Daisuke Sumizawa,1999-01-31T00:00:00.000Z,JPN,Japan,JPN
51,790,60303,Alvaro Bueno Gil,2000-05-25T00:00:00.000Z,ESP,Spain,ESP
50,791,65073,Joshua Lapadat,2002-12-10T00:00:00.000Z,CAN,Canada,CAN
50,792,39152,Aleksandar Kovacevic,1998-08-29T00:00:00.000Z,USA,United States,USA
50,793,18477,Hugo Dellien,1993-06-16T00:00:00.000Z,BOL,Bolivia,BOL
50,794,59166,Jesper De Jong,2000-05-31T00:00:00.000Z,NED,Netherlands,NED
50,795,50511,Pedro Vives Marcos,2001-04-13T00:00:00.000Z,ESP,Spain,ESP
50,796,14727,Pierre-Hugues Herbert,1991-03-18T00:00:00.000Z,FRA,France,FRA
50,797,71614,Inaki Montes-De La Torre,2002-10-03T00:00:00.000Z,ESP,Spain,ESP
50,798,61856,Tibo Colson,2000-07-12T00:00:00.000Z,BEL,Belgium,BEL
50,799,84849,Robin Catry,2002-03-06T00:00:00.000Z,USA,United States,USA
50,800,40737,Yuhei Kono,1995-07-01T00:00:00.000Z,JPN,Japan,JPN
50,801,47332,Chuan En Hsu,,TPE,Chinese Taipei,TPE
50,802,31600,Akram El Sallaly,1997-11-13T00:00:00.000Z,EGY,Egypt,EGY
50,803,88897,Maxence Rivet,2003-10-09T00:00:00.000Z,FRA,France,FRA
50,804,36170,Tomohiro Masabayashi,1998-03-05T00:00:00.000Z,JPN,Japan,JPN
50,805,53138,Lautaro Agustin Falabella,1998-01-19T00:00:00.000Z,ARG,Argentina,ARG
50,806,93632,Felix Mischker,2003-06-27T00:00:00.000Z,GBR,Great Britain,GBR
50,807,96116,James Beaven,2004-12-23T00:00:00.000Z,GBR,Great Britain,GBR
49,808,19962,Dennis Novikov,1993-11-06T00:00:00.000Z,USA,United States,USA
49,809,29591,Dominik Recek,1995-02-19T00:00:00.000Z,CZE,Czech Republic,CZE
49,810,33166,Tim Handel,1996-10-18T00:00:00.000Z,GER,Germany,GER
49,811,48396,Adrian Andreev,2001-05-12T00:00:00.000Z,BUL,Bulgaria,BUL
49,812,41964,Nicola Kuhn,2000-03-20T00:00:00.000Z,GER,Germany,GER
49,813,27110,Gergely Madarasz,1994-10-01T00:00:00.000Z,HUN,Hungary,HUN
49,814,96554,Henrik Bladelius,2004-05-02T00:00:00.000Z,SWE,Sweden,SWE
49,815,84559,Leonardo Malgaroli,2002-08-07T00:00:00.000Z,ITA,Italy,ITA
49,816,26909,Lucas Gerch,1994-12-20T00:00:00.000Z,GER,Germany,GER
49,817,73055,Alexandr Binda,2001-09-22T00:00:00.000Z,RUS,Russia,RUS
49,818,44573,Mert Alkaya,2000-06-14T00:00:00.000Z,TUR,Turkey,TUR
49,819,78053,Dragos Nicolae Cazacu,2004-02-10T00:00:00.000Z,ROU,Romania,ROU
48,820,83308,Jeffrey Von Der Schulenburg,2002-02-13T00:00:00.000Z,SUI,Switzerland,SUI
48,821,45047,Jesse Timmermans,1989-03-17T00:00:00.000Z,NED,Netherlands,NED
48,822,4067,Fabio Fognini,1987-05-24T00:00:00.000Z,ITA,Italy,ITA
48,823,11521,Hiroki Moriya,1990-10-16T00:00:00.000Z,JPN,Japan,JPN
48,824,59169,Andre Ilagan,2000-11-16T00:00:00.000Z,USA,United States,USA
48,825,96145,Vuk Radjenovic,2005-05-12T00:00:00.000Z,SRB,Serbia,SRB
48,826,80641,Pietro Pampanin,2003-01-05T00:00:00.000Z,ITA,Italy,ITA
48,827,81115,Amr Elsayed,1999-03-04T00:00:00.000Z,EGY,Egypt,EGY
47,828,79066,Andres Martin,2001-07-07T00:00:00.000Z,USA,United States,USA
47,829,96788,Kenta Miyoshi,2004-03-16T00:00:00.000Z,JPN,Japan,JPN
47,830,31512,Dario Huber,1996-07-03T00:00:00.000Z,SUI,Switzerland,SUI
47,831,23748,Aleksandre Metreveli,1993-08-10T00:00:00.000Z,GEO,Georgia,GEO
47,832,54812,Maxence Bertimon,1999-09-20T00:00:00.000Z,FRA,France,FRA
47,833,34538,Makoto Ochi,1996-05-03T00:00:00.000Z,JPN,Japan,JPN
47,834,83700,Filiberto Fumagalli,2002-06-28T00:00:00.000Z,ITA,Italy,ITA
47,835,63223,Leonardo Taddia,2000-01-29T00:00:00.000Z,ITA,Italy,ITA
47,836,68702,Stefano D'Agostino,2003-11-03T00:00:00.000Z,ITA,Italy,ITA
47,837,45175,Alex Knaff,1997-11-26T00:00:00.000Z,LUX,Luxembourg,LUX
47,838,84367,Gheorghe Claudiu Schinteie,2002-03-13T00:00:00.000Z,ROU,Romania,ROU
46,839,26221,Stefan Kozlov,1998-02-01T00:00:00.000Z,USA,United States,USA
46,840,64896,Pablo Llamas Ruiz,2002-10-13T00:00:00.000Z,ESP,Spain,ESP
46,841,89110,Sebastian Dominko,2003-05-13T00:00:00.000Z,SLO,Slovenia,SLO
46,842,31384,Daniel Little,1997-05-16T00:00:00.000Z,GBR,Great Britain,GBR
46,843,37577,Genaro Alberto Olivieri,1998-08-04T00:00:00.000Z,ARG,Argentina,ARG
46,844,57721,Shinji Hazawa,1999-04-12T00:00:00.000Z,JPN,Japan,JPN
46,845,86473,Josip Simundza,2004-12-20T00:00:00.000Z,CRO,Croatia,CRO
46,846,91689,Charlie Camus,2006-10-16T00:00:00.000Z,FRA,France,FRA
46,847,34574,Stefan Cooper,1996-06-17T00:00:00.000Z,GBR,Great Britain,GBR
46,848,86692,Matthew William Donald,2004-11-08T00:00:00.000Z,CZE,Czech Republic,CZE
45,849,23640,Maximilian Marterer,1995-06-15T00:00:00.000Z,GER,Germany,GER
45,849,20648,Taro Daniel,1993-01-27T00:00:00.000Z,JPN,Japan,JPN
45,851,677,Rafael Nadal,1986-06-03T00:00:00.000Z,ESP,Spain,ESP
45,851,82371,Luca Van Assche,2004-05-11T00:00:00.000Z,FRA,France,FRA
45,853,36519,Alejandro Davidovich Fokina,1999-06-05T00:00:00.000Z,ESP,Spain,ESP
45,853,11226,David Goffin,1990-12-07T00:00:00.000Z,BEL,Belgium,BEL
45,855,47543,Duje Ajdukovic,2001-02-05T00:00:00.000Z,CRO,Croatia,CRO
45,856,9305,Daniel Evans,1990-05-23T00:00:00.000Z,GBR,Great Britain,GBR
45,857,34233,Alexei Popyrin,1999-08-05T00:00:00.000Z,AUS,Australia,AUS
45,858,45553,Pavel Kotov,1998-11-18T00:00:00.000Z,RUS,Russia,RUS
45,859,64891,Alexander Shevchenko,2000-11-29T00:00:00.000Z,KAZ,Kazakhstan,KAZ
45,860,23100,Pedro Cachin,1995-04-12T00:00:00.000Z,ARG,Argentina,ARG
45,861,46474,Alafia Ayeni,1999-08-10T00:00:00.000Z,USA,United States,USA
45,862,71979,Gianmarco Ferrari,2000-10-04T00:00:00.000Z,ITA,Italy,ITA
45,863,7806,Adrian Mannarino,1988-06-29T00:00:00.000Z,FRA,France,FRA
45,864,87792,Dinko Dinev,2004-02-13T00:00:00.000Z,BUL,Bulgaria,BUL
45,865,68977,Noah Lopez,2002-02-25T00:00:00.000Z,SUI,Switzerland,SUI
45,866,96547,Jack Loge,2004-11-16T00:00:00.000Z,BEL,Belgium,BEL
44,867,19729,Jacob Kahoun,1992-04-05T00:00:00.000Z,SUI,Switzerland,SUI
44,868,95883,Aryan Shah,2005-11-21T00:00:00.000Z,IND,India,IND
44,869,38973,Nick Hardt,2000-09-20T00:00:00.000Z,DOM,Dominican Republic,DOM
44,870,104631,Maxwell Benson,2000-06-21T00:00:00.000Z,USA,United States,USA
44,871,86687,Nicolas Zanellato,2002-01-22T00:00:00.000Z,BRA,Brazil,BRA
44,872,90015,Mariano Tammaro,2004-02-27T00:00:00.000Z,ITA,Italy,ITA
44,873,55827,Zhao Zhao,2000-03-01T00:00:00.000Z,CHN,China,CHN
44,874,62960,Yaojie Zeng,2002-01-30T00:00:00.000Z,CHN,China,CHN
44,875,44775,Osgar O'Hoisin,1996-09-03T00:00:00.000Z,IRL,Ireland,IRL
43,876,44252,Karl Poling,1999-08-04T00:00:00.000Z,USA,United States,USA
43,877,32857,Vlad Andrei Dumitru,1997-05-09T00:00:00.000Z,ROU,Romania,ROU
43,878,93848,Petr Brunclik,2006-07-17T00:00:00.000Z,CZE,Czech Republic,CZE
43,879,30468,Christos Antonopoulos,1998-07-19T00:00:00.000Z,GRE,Greece,GRE
43,880,62489,Mousa Alkotop,1998-06-25T00:00:00.000Z,JOR,Jordan,JOR
43,881,44182,Zheng Baoluo,2001-04-28T00:00:00.000Z,CHN,China,CHN
43,882,73730,Taiyo Yamanaka,2001-09-05T00:00:00.000Z,JPN,Japan,JPN
42,883,60305,Admir Kalender,2001-01-12T00:00:00.000Z,CRO,Croatia,CRO
42,884,81144,Devin Badenhorst,2004-05-20T00:00:00.000Z,RSA,South Africa,RSA
42,885,95605,Phillip Jordan,2000-11-07T00:00:00.000Z,USA,United States,USA
42,886,83858,Peter Benjamin Privara,2004-08-02T00:00:00.000Z,SVK,Slovakia,SVK
42,887,42692,Rishi Reddy,1998-04-06T00:00:00.000Z,IND,India,IND
42,888,59499,Diego Fernandez Flores,2000-10-07T00:00:00.000Z,CHI,Chile,CHI
42,889,83679,Liam Gavrielides,2004-01-30T00:00:00.000Z,GER,Germany,GER
42,890,68981,Max Alcala Gurri,2002-09-11T00:00:00.000Z,ESP,Spain,ESP
42,891,87924,Matei Cristian Onofrei,2005-11-25T00:00:00.000Z,ROU,Romania,ROU
41,892,87360,Aidan Kim,2004-11-24T00:00:00.000Z,USA,United States,USA
41,893,91485,Bryce Nakashima,2004-02-20T00:00:00.000Z,USA,United States,USA
41,894,38275,Evan Furness,1998-08-13T00:00:00.000Z,FRA,France,FRA
41,895,30626,Aziz Dougaz,1997-03-26T00:00:00.000Z,TUN,Tunisia,TUN
41,896,84710,Giorgio Tabacco,2003-08-06T00:00:00.000Z,ITA,Italy,ITA
41,897,61841,Seongbin Sim,1997-04-10T00:00:00.000Z,KOR,"Korea, Rep.",KOR
41,898,84060,Maks Kasnikowski,2003-07-06T00:00:00.000Z,POL,Poland,POL
41,899,95954,Lasse Poertner,2005-11-22T00:00:00.000Z,GER,Germany,GER
41,900,70909,Fausto Tabacco,2002-05-13T00:00:00.000Z,ITA,Italy,ITA
